"Cycle","Dates","Weeks","ANC","PLT","Hb","MP","MTX","MP_adj","MTX_adj"
1,"07/01/2021",1,1.9,271,9,375,17.5,98.8207651279316,96.844349825373
1,"04/02/2021",5,1.2,237,11.1,375,17.5,98.8207651279316,96.844349825373
1,"04/03/2021",9,1.1,173,10.8,425,17.5,111.996867144989,96.844349825373
1,"18/03/2021",11,1.7,182,12,425,17.5,111.996867144989,96.844349825373
2,"08/04/2021",14,1.288,190,11.3,425,20,111.996867144989,110.679256943283
2,"22/04/2021",16,0.987,193,10.8,425,20,111.996867144989,110.679256943283
2,"29/04/2021",17,1,171,10.9,425,20,111.996867144989,110.679256943283
2,"13/05/2021",19,1.13,230,11,425,20,111.996867144989,110.679256943283
2,"27/05/2021",21,1.4,160,11.5,500,20,131.761020170576,110.679256943283
2,"10/06/2021",23,0.93,220,10.9,500,25,131.761020170576,138.349071179104
3,"24/06/2021",25,4,184,9.1,500,25,131.761020170576,138.349071179104
3,"01/07/2021",26,0.58,206,9.3,0,0,0,0
3,"08/07/2021",27,0.57,196,10.4,0,0,0,0
3,"15/07/2021",28,1.2,181,10.4,425,20,111.996867144989,110.679256943283
3,"22/07/2021",29,1.7,223,11.8,425,20,111.996867144989,110.679256943283
3,"12/08/2021",32,2.03,205,10.9,425,20,111.996867144989,110.679256943283
3,"02/09/2021",35,1.68,184,11.3,475,20,125.172969162047,110.679256943283
4,"16/09/2021",37,1.32,213,11.1,475,22.5,125.172969162047,124.514164061194
4,"30/09/2021",39,1.48,195,11,475,22.5,125.172969162047,124.514164061194
4,"21/10/2021",42,0.77,227,10,225,10,59.292459076759,55.3396284716417
4,"11/11/2021",45,1.89,255,10.4,425,20,111.996867144989,110.679256943283
4,"18/11/2021",46,1.65,240,10.8,425,20,111.996867144989,110.679256943283
5,"09/12/2021",49,2.3,190,11.4,425,20,111.996867144989,110.679256943283
5,"06/01/2022",53,3,242,10.2,425,25,111.996867144989,138.349071179104
5,"20/01/2022",55,2.8,234,10.4,425,25,111.996867144989,138.349071179104
5,"03/02/2022",57,3.16,225,11,425,25,111.996867144989,138.349071179104
5,"17/02/2022",59,3.6,210,11.3,425,25,111.996867144989,138.349071179104
5,"24/02/2022",60,1,146,11.7,425,25,111.996867144989,138.349071179104
6,"10/03/2022",62,3.19,239,11,475,25,125.172969162047,138.349071179104
6,"24/03/2022",64,3.24,233,10,475,27.5,125.172969162047,152.183978297015
6,"07/04/2022",66,2.84,183,9.6,475,27.5,125.172969162047,152.183978297015
6,"21/04/2022",68,3.01,240,10.4,475,27.5,125.172969162047,152.183978297015
6,"28/04/2022",69,1.2,140,10.4,475,27.5,125.172969162047,152.183978297015
6,"12/05/2022",71,3.07,164,10,525,27.5,138.349071179104,152.183978297015
7,"26/05/2022",73,2.67,178,10,525,30,138.349071179104,166.018885414925
7,"09/06/2022",75,1.79,171,9.9,525,30,138.349071179104,166.018885414925
7,"30/06/2022",78,2.79,171,8.1,525,30,138.349071179104,166.018885414925
7,"14/07/2022",80,0.6,151,10,0,0,0,0
7,"21/07/2022",81,0.96,148,9.8,525,30,138.349071179104,166.018885414925
7,"04/08/2022",83,1.03,174,10.8,525,30,138.349071179104,166.018885414925
8,"18/08/2022",85,4.2,166,9.9,525,30,138.349071179104,166.018885414925
8,"01/09/2022",87,0.9,244,10.6,525,30,138.349071179104,166.018885414925
8,"15/09/2022",89,1.3,149,11.2,600,30,158.113224204691,166.018885414925
8,"29/09/2022",91,0.54,147,10.9,0,0,0,0
8,"06/10/2022",92,1.1,175,11,525,30,138.349071179104,166.018885414925
8,"20/10/2022",94,0.8,192,10,525,30,138.349071179104,166.018885414925
8,"27/10/2022",95,7,117,12,525,30,138.349071179104,166.018885414925
