Dates,Weight,Height,Cycle,ANC,WBC,PLT,Hb,Weeks,MP,MTX
07/01/2021,42,17.5,1,1.9,152,271,9,1,375,17.5
04/02/2021,42,17.5,1,1.2,13265,237,11.1,5,375,17.5
04/03/2021,42,17.5,1,1.1,5462,173,10.8,9,425,17.5
18/03/2021,42,17.5,1,1.7,6545132,182,12,11,425,17.5
08/04/2021,42,17.5,2,1.288,65412,190,11.3,14,425,20
22/04/2021,42,17.5,2,0.987,658484,193,10.8,16,425,20
29/04/2021,42,17.5,2,1,2132,171,10.9,17,425,20
13/05/2021,42,17.5,2,1.13,24853,230,11,19,425,20
27/05/2021,42,17.5,2,1.4,287653,160,11.5,21,500,20
10/06/2021,42,17.5,2,0.93,94532,220,10.9,23,500,25
24/06/2021,42,17.8,3,4,3,184,9.1,25,500,25
01/07/2021,42,17.8,3,0.58,5498421,206,9.3,26,0,0
08/07/2021,42,17.8,3,0.57,58464532,196,10.4,27,0,0
15/07/2021,42,17.8,3,1.2,68989,181,10.4,28,425,20
22/07/2021,42,17.8,3,1.7,9865,223,11.8,29,425,20
12/08/2021,42,17.8,3,2.03,865,205,10.9,32,425,20
02/09/2021,42,17.8,3,1.68,6132,184,11.3,35,475,20
16/09/2021,42,17.8,4,1.32,321324,213,11.1,37,475,22.5
30/09/2021,42,17.8,4,1.48,42132168,195,11,39,475,22.5
21/10/2021,42,17.8,4,0.77,2132138,227,10,42,225,10
11/11/2021,42,17.8,4,1.89,8754,255,10.4,45,425,20
18/11/2021,42,17.8,4,1.65,6884,240,10.8,46,425,20
09/12/2021,43,17.8,5,2.3,654213,190,11.4,49,425,20
06/01/2022,43,17.8,5,3,516587,242,10.2,53,425,25
20/01/2022,43,17.8,5,2.8,6549876953,234,10.4,55,425,25
03/02/2022,43,17.8,5,3.16,3213218,225,11,57,425,25
17/02/2022,43,17.8,5,3.6,321579,210,11.3,59,425,25
24/02/2022,43,17.8,5,1,984,146,11.7,60,425,25
10/03/2022,43,18,6,3.19,3246546,239,11,62,475,25
24/03/2022,43,18,6,3.24,986213,233,10,64,475,27.5
07/04/2022,43,18,6,2.84,87,183,9.6,66,475,27.5
21/04/2022,43,18,6,3.01,32,240,10.4,68,475,27.5
28/04/2022,43,18,6,1.2,135,140,10.4,69,475,27.5
12/05/2022,43,18,6,3.07,78432187,164,10,71,525,27.5
26/05/2022,43,18,7,2.67,5465798,178,10,73,525,30
09/06/2022,43,18,7,1.79,46,171,9.9,75,525,30
30/06/2022,43,18,7,2.79,57,171,8.1,78,525,30
14/07/2022,43,18,7,0.6,654,151,10,80,0,0
21/07/2022,43,18,7,0.96,45116,148,9.8,81,525,30
04/08/2022,43,18,7,1.03,62132,174,10.8,83,525,30
18/08/2022,43,18,8,4.2,4653,166,9.9,85,525,30
01/09/2022,43,18,8,0.9,21,244,10.6,87,525,30
15/09/2022,43,18,8,1.3,587,149,11.2,89,600,30
29/09/2022,43,18,8,0.54,321,147,10.9,91,0,0
06/10/2022,43,18,8,1.1,321,175,11,92,525,30
20/10/2022,43,18,8,0.8,68,192,10,94,525,30
27/10/2022,43,18,8,7,7,117,12,95,525,30
